[
  {
    "symbol": "AAPL",
    "type": "B",
    "quantity": 50,
    "price": 100,
    "sequence": 1
  },
  {
    "symbol": "AAPL",
    "type": "B",
    "quantity": 30,
    "price": 98,
    "sequence": 2
  },
  {
    "symbol": "AAPL",
    "type": "S",
    "quantity": 20,
    "price": 101,
    "sequence": 3
  },
  {
    "symbol": "AAPL",
    "type": "S",
    "quantity": 10,
    "price": 102,
    "sequence": 4
  },
  {
    "symbol": "META",
    "type": "B",
    "quantity": 40,
    "price": 50,
    "sequence": 5
  },
  {
    "symbol": "META",
    "type": "S",
    "quantity": 30,
    "price": 55,
    "sequence": 6
  },
  {
    "symbol": "META",
    "type": "S",
    "quantity": 20,
    "price": 57,
    "sequence": 7
  },
  {
    "symbol": "MSFT",
    "type": "B",
    "quantity": 25,
    "price": 150,
    "sequence": 8
  },
  {
    "symbol": "MSFT",
    "type": "S",
    "quantity": 15,
    "price": 155,
    "sequence": 9
  },
  {
    "symbol": "MSFT",
    "type": "B",
    "quantity": 20,
    "price": 148,
    "sequence": 10
  },
  {
    "symbol": "AMZN",
    "type": "B",
    "quantity": 10,
    "price": 3000,
    "sequence": 11
  },
  {
    "symbol": "AMZN",
    "type": "B",
    "quantity": 5,
    "price": 2999,
    "sequence": 12
  },
  {
    "symbol": "AMZN",
    "type": "S",
    "quantity": 15,
    "price": 3020,
    "sequence": 13
  }
]